last_name,first_name,email_address,zipcode,city,state,street,homephone
curry,mary kate,wmppydaymaker@jumpstartlab.com,21230,baltimore,md,1509 jackson street,202-328-1000
cordova,sarah,tmai.202@jumpstartlab.com,21044,columbia,md,5430 hesperus drive,410-963-9000
dzara,greg,jmpender@jumpstartlab.com,20912,takoma park,md,122 park avenue,301-270-2000
chan,jacqueline,dpstrunn@jumpstartlab.com,20904,silver spring,md,4 delford ave,202-256-7000
macconnell,ann,suslandgurl@jumpstartlab.com,21754,ijamsville,md,11025 graymarsh place,514-544-8000
spitz,caitlin,guhn@jumpstartlab.com,20712,mount rainier,md,4405 29th street,240-899-8000
fea,megan,mball13@jumpstartlab.com,21208,baltimore,md,2908 old court road,410-382-0000
taylor,gena,kabbbbbnnnnnnn@jumpstartlab.com,21044,columbia,md,11846 winterlong way,410-908-6000
neer,jordan,oklerd52@jumpstartlab.com,21771,mount airy,md,7501 mayfair court,301-471-4000
bookstein,emma,vranaveytsman@jumpstartlab.com,21784,eldersburg,md,6120 snowden's run,310-902-4000
rios,laura,iltherine.durkin@jumpstartlab.com,20912,takoma park,md,705 colby ave.,240-893-0000
lam,abby,kdmes.paul89@jumpstartlab.com,20896,garrett park,md,p o box 346,240-478-0000
mathieson,edward,uwackett@jumpstartlab.com,20895,kensington,md,5011 flanders ave.,301-448-6000
stein,urs,oaycejc3@jumpstartlab.com,20814,bethesda,md,5217 elsmere ave.,301-828-5000
forrester,kris,fcuerra1@jumpstartlab.com,20814,bethesda,md,10233 farnham drive,301-767-6000
van beek,helene,vsckmajm@jumpstartlab.com,20902,silver spring,md,11501 regnid dr.,202-701-0000
dahan,jane,sfarrell@jumpstartlab.com,20817,bethesda,md,9802 holmhurst rd,301-910-3000
healey,vinicio,tyicastout@jumpstartlab.com,21797,woodbine,md,2800 ducall road,301-910-3000
farrell,peter,orll18@jumpstartlab.com,20850,rockville,md,117 s van buren st,301-910-3000
wolochow,emily,mjith.farrell@jumpstartlab.com,20891,kensington,md,4413 everett st,019-180-4000
thibodeaux,viktoria,oiresch@jumpstartlab.com,20906,silver spring,md,3335 hewitt ave apt 302,240-671-1000
epstein,bill,iiomasem@jumpstartlab.com,20910,silver spring,md,2006 luzerne ave.,240-602-8000
de haven,etsu,xglackwell.tidline@jumpstartlab.com,20815,chevy chase,md,2616 colston drive,240-478-0000
hardy,kathryn,vsilliard@jumpstartlab.com,20896,garrett park,md,4400 cambria avenue,301-922-7000
young,max,mbrena.whitridge@jumpstartlab.com,20737,riverdale,md,5912 somerset rd.,301-787-0000
hayes,mariana,xvicia.normand@jumpstartlab.com,20912,takoma park,md,"6935 laurel ave, #201",718-290-6000
larkins,robert,gmssicacrivas@jumpstartlab.com,21122,pasadena,md,8094 ventnor road,443-618-4000
ojeh,sarah,bfkelly@jumpstartlab.com,20742,college park,md,8000 boteler lane appt 248a,410-474-3000
garrett,alex,taistin.sullivan@jumpstartlab.com,20742,college park,md,NONE,908-477-7000
udell,stephanie,ihtherinemhoffman@jumpstartlab.com,20720,bowie,md,"10419 glen manor dr.,",202-498-0000
frey,dea,ftuffman_k@jumpstartlab.com,21701,frederick,md,401 rosemont ave,609-425-4000
rizzo,joe,eooss_a@jumpstartlab.com,20740,college park,md,NONE,240-535-8000
panacionne,martina,dqkevill@jumpstartlab.com,21793,walkersville,md,po box 82,301-898-8000
beadle,null,ehdungan@jumpstartlab.com,21157,westminster,md,628 barnes ave,410-848-0000
stafne,ben,crerymac13@jumpstartlab.com,21157,westminster,md,628 barnes ave,410-848-0000
judge,audrie,rhfo8296@jumpstartlab.com,21157,westminster,md,2084 old fridinger mill rd,410-857-0000
young,annie,pqrl.stockman@jumpstartlab.com,21157,westminster,md,2084 old fridinger mill rd,410-857-0000
bauer,andrew,kpttri@jumpstartlab.com,21157,westminster,md,3032 bird view rd,443-605-4000
derek,elizabeth,myugg@jumpstartlab.com,21157,westminster,md,3140 slippery elm ct,443-604-4000
theve,kaitlin,pcthan.taylor05@jumpstartlab.com,21045,columbia,md,5911 millrace ct,000-000-0000
evans-verret,chuck,qhrphy_jp@jumpstartlab.com,21048,westminster,md,2748 old westminster pike,443-823-1000
maurer,ali,bsicksam@jumpstartlab.com,21521,cumberland,md,60 pershing st,240-522-2000
huber,john,nileyd@jumpstartlab.com,21521,cumberland,md,60 pershing st,301-689-7000
ng,catherine,nhrtonwa@jumpstartlab.com,20815,chevy chase,md,3512 woodbine st,240-645-5000
calderado,dominika,jnyres@jumpstartlab.com,20740,college park,md,8000 boteler lane apt. 716,301-318-4000
morris,corey,wvz7y@jumpstartlab.com,20740,college park,md,8000 boteler lane apt. 716,301-318-4000
lally,nichol,xwckandahalf@jumpstartlab.com,20707,laurel,md,15611 straughn drive,240-593-1000
waisbren,andrew,xkectrae@jumpstartlab.com,20742,college park,md,"247-10 leonardtown hall, university of maryland",301-318-4000
chan,danielle,dqagles64@jumpstartlab.com,20740,college park,md,"6901 preinkert drive, apt. 6601c",518-651-0000
bates,sam,gver0030@jumpstartlab.com,20742,college park,md,"4215 centreville hall, university of maryland",847-942-8000
force,christina,jtessert@jumpstartlab.com,20740,college park,md,8000 boteler lane apt. 716,301-318-4000
huggenkiss,amelia,namcgaughey@jumpstartlab.com,20740,college park,md,8000 boteler lane,301-318-4000
zwicker,bart,assinclair10@jumpstartlab.com,21409,annapolis,md,1414 anna marie ct.,410-212-4000
perez,keith,bjui172@jumpstartlab.com,20740,college park,md,8000 boteler lane,410-596-9000
moore,jessie,suowe@jumpstartlab.com,20740,college park,md,8000 boteler lane,301-318-4000
neal,nicole,yyrown47@jumpstartlab.com,21217,baltimore,md,1916 mt. royal terrace,860-550-2000
schiller,nicolas,hsrahmills.sullivan@jumpstartlab.com,20815,chevy chase,md,4910 cumberland avenue,301-654-5000
o'shaughnessy,ian,rwthomaswallace@jumpstartlab.com,21157,westminster,md,628 barnes ave,410-259-2000
burdiss,tracy,fok32@jumpstartlab.com,21228,catonsville,md,28 heather hill rd,443-617-7000
maccabe,tatiana,mrise.gabriel@jumpstartlab.com,21250,baltimore,md,1000 hilltop circle,301-785-6000
lepore,joe,uhenanova3@jumpstartlab.com,21250,baltimore,md,1000 hilltop circle,443-756-3000
peterson,will,if7233a@jumpstartlab.com,21250,baltimore,md,1000 hilltop circle,301-646-2000
somor,bryan,lwxiechick_heeler@jumpstartlab.com,21250,baltimore,md,1000 hilltop circle,410-419-5000
cine,andrew,frkeith@jumpstartlab.com,21084,jarrettsville,md,28 advocate hill dr,443-528-3000
stockman,jessica,ewmms711@jumpstartlab.com,21250,baltimore,md,1000 hilltop circle,443-938-3000
lumbert,jessica,tl@jumpstartlab.com,21250,baltimore,md,1000 hilltop circle,301-919-3000
placey,catherine,vflly@jumpstartlab.com,21250,baltimore,md,1000 hilltop circle,845-264-1000
hindes,elizabeth,nlristopherbentley@jumpstartlab.com,21250,baltimore,md,1000 hilltop circle,410-440-8000
phillips,shannon,yuhrenwerth@jumpstartlab.com,21250,baltimore,md,1000 hilltop circle,202-329-0000
kiener,gabriela,apaire.rosenkvist@jumpstartlab.com,21250,baltimore,md,1000 hilltop circle,410-409-3000
duncombe,ryan,hamp9321@jumpstartlab.com,21250,baltimore,md,1000 hilltop circle,203-804-2000
jenkins,katelyn,kqryan@jumpstartlab.com,21412,annapolis,md,p.o. box 15403,952-239-6000
two,david,mcmelhorn@jumpstartlab.com,20906,silver spring,md,14001 blazer lane,301-910-5000
gardner,william,xgc1@jumpstartlab.com,20686,st. mary's city,md,campus center 2527 16800 pt. lookout rd,402-990-4000
rush,francisco,siather.jennings@jumpstartlab.com,20686,st. mary's city,md,"campus center #1754, 16800 point lookout rd",240-620-1000
lapointe,leah,vbmzar@jumpstartlab.com,20686,st. mary's city,md,16800 point lookout rd.,240-620-1000
barrows,jessica,kphndoe13@jumpstartlab.com,20686,st mary's city,md,16800 point lookout road,240-620-1000
santiago,kaitlin,gflajagger@jumpstartlab.com,20686,st. mary's city,md,"campus center 2714, 16800 point lookout rd.",503-805-3000
tecleab,sophia,cicampbe@jumpstartlab.com,20686,st mary's city,md,campus center 1346 16800 point lookout rd,410-370-4000
oorthuys,robert,awndol_n@jumpstartlab.com,20686,st mary's city,md,16800 point lookout road,717-856-4000
mussehl,mollie,juworthy@jumpstartlab.com,20686,laurel,md,"campus center #1067, 16800 point lookout road",301-943-2000
lopez,allegra,qssminemerriweather@jumpstartlab.com,20686,st mary's city,md,"campus center 1912, 16800 point lookout rd",703-424-0000
bartlett,ginny,fuberly.sinclair@jumpstartlab.com,20686,st. mary's city,md,16800 point look road,555-555-5000
oliver,katya,pemoba6@jumpstartlab.com,20686,st marys city,md,16800 point lookout rd,555-555-5000
tyson,laney,kaghav.goyal@jumpstartlab.com,20686,st. mary's city,md,16800 pt lookout rd,321-321-5000
foley,heather,ctohnson716@jumpstartlab.com,20686,st marys city,md,16800 point lookout rd,555-555-5000
redmond,rachel,tcreilly@jumpstartlab.com,20686,st. marys city,md,16800 pt lookout rd,321-321-5000
moss,ragini,yusse.d.fries@jumpstartlab.com,20686,st marys city,md,16800 point lookout rd,555-555-5000
hillman,kadie,agara_wright@jumpstartlab.com,20686,st marys city,md,16800 point lookout rd,555-555-5000
schy,erin,rjchel.howson@jumpstartlab.com,20686,st. marys city,md,16800 pt lookout rd,321-321-5000
nutter-upham,aida,guazar@jumpstartlab.com,20686,st marys city,md,16800 point lookout rd,555-555-5000
jones,zach,olffj@jumpstartlab.com,20686,st. mary's city,md,16800 pt lookout rd,321-321-5000
waldo,teen,vf9gw@jumpstartlab.com,20686,st marys city,md,16800 point lookout rd,555-555-5000
migliorini,lindsay,jk2184a@jumpstartlab.com,20686,st. mary's city,md,16800 pt lookout rd,321-321-5000
seeliger,rebecca,yocoburn@jumpstartlab.com,20686,st marys city,md,16800 point lookout rd,555-555-5000
dulys-nusbaum,jessica,nvimslopez@jumpstartlab.com,20686,st. mary's city,md,16800 pt lookout rd,321-321-5000
peeler,stacy,tarta.musial@jumpstartlab.com,20686,st marys city,md,16800 point lookout rd,555-555-5000
peterson,linda,qaarren@jumpstartlab.com,20686,st. mary's city,md,16800 pt lookout rd,321-321-5000
hoh,brandon,hleyew@jumpstartlab.com,20686,st marys city,md,16800 point lookout rd,555-555-5000
rodriguez,katie,kkhorn@jumpstartlab.com,20686,st. mary's city,md,16800 point lookout rd.,321-321-5000
bender,nora,jxhnathon.daniel@jumpstartlab.com,20686,st marys city,md,16800 point lookout rd,555-555-5000
kuria,courtney,vlk58@jumpstartlab.com,20686,st marys city,md,16800 point lookout rd,555-555-5000
collier,sara,xbenybn@jumpstartlab.com,20686,st marys city,md,16800 point lookout rd,555-555-5000
thai,laura,oally.sharrow@jumpstartlab.com,20686,st marys city,md,16800 point lookout rd,555-555-5000
fink,john,stiorio@jumpstartlab.com,20686,st. mary's city,md,16800 point lookout rd.,321-321-5000
chase,myriam,jevesayj@jumpstartlab.com,20686,st marys city,md,16800 point lookout rd,555-555-5000
bradley,chris,chehli.1@jumpstartlab.com,20686,st. mary's city,md,16800 point lookout rd.,321-321-5000
warren,danielle,okwhiteman@jumpstartlab.com,20686,st marys cityq,md,16800 point lookout rd,555-555-5000
kearney,lisa,vkeygordon@jumpstartlab.com,20686,st marys city,md,16800 point lookout rd,555-555-5000
stoneking,gabrielle,jostilllusesabeeper@jumpstartlab.com,20686,st marys city,md,16800 point lookout rd,555-555-5000
hall,jake,ifinero@jumpstartlab.com,20686,st. mary's city,md,16800 point lookout rd.,402-990-4000
ebersole,bret,yhsloa08@jumpstartlab.com,20686,st marys city,md,16800 point lookout rd,555-555-5000
houghton,nell,vjm2865@jumpstartlab.com,20686,st. mary's city,md,16800 point lookout rd.,402-990-4000
wein,robert,yahrison@jumpstartlab.com,20686,st marys city,md,16800 point lookout rd,555-555-5000
lopez,ashley,vermideo@jumpstartlab.com,20686,st marys city,md,16800 point lookout rd,555-555-5000
jahne,john,qyieff@jumpstartlab.com,20686,st marys city,md,16800 point lookout rd,555-555-5000
moskowitz,hannah,rbolley@jumpstartlab.com,20686,yhfh,md,16800 point lookout rd.,402-990-4000
reay,tony,uxffret@jumpstartlab.com,20686,st marys city,md,16800 point lookout rd,555-555-5000
baker,eliza,ykvinga@jumpstartlab.com,21210,baltimore,md,ms 2361 loyola college 4501 north charles st,908-698-2000
fowler,natalie,netite_nombre@jumpstartlab.com,21210,baltimore,md,ms 2361 4501 n charles st,908-698-2000
davies,william,rxowden3@jumpstartlab.com,21210,baltimore,md,ms 2361 4501 n. charles st,908-698-2000
null,sarah,rcverburg@jumpstartlab.com,21210,baltimore,md,ms 2361 4501 n. charles st,908-698-2000
donnelly,jennifer,qxaschreck@jumpstartlab.com,21210,baltimore,md,2361 4501 n. charles st,908-698-2000
sullivan,shelby,bereenberg@jumpstartlab.com,21210,baltimore,md,ms 2361 4501 n charles st,631-291-2000
evans,courtney,agatsfunny1688@jumpstartlab.com,21210,baltimore,md,ms 3356 loyola college 4501 n charles st,410-370-2000
hunter,wendy,elgerow@jumpstartlab.com,21210,baltimore,md,ms 2361 4501 n charles st,908-752-5000
ter kuile,lance,yboaks@jumpstartlab.com,21210,baltimore,md,124,631-873-5000
whitney,chris,bcisher@jumpstartlab.com,21210,baltimore,md,456,410-370-2000
mccusker,null,papokuag@jumpstartlab.com,20910,silver spring,md,"1519 east falkland ln, apt 154",508-274-8000
richards,minrose,klsheac@jumpstartlab.com,20742,college park,md,"5215 centreville hall, university of maryland",617-935-3000
kolodin,diana,mqrosent@jumpstartlab.com,20817,college park,md,4226a guilford dr,301-787-2000
balinsky-baker,kevin,xlarab1@jumpstartlab.com,20912,takoma park,md,7600 flower ave.,914-584-4000
herman,richard,xb@jumpstartlab.com,20912,takoma park,md,1001 kennebec ave.,732-299-7000
embick,michael,sdfonteyne@jumpstartlab.com,20912,"takoma park,",md,7600 flower ave.,913-687-1000
litzenberg,x,bfoseen@jumpstartlab.com,20866,burtonsville,md,15144 red cedar dr.,240-350-8000
stachowski,melissa,dnhimjolly@jumpstartlab.com,20866,burtonsville,md,15144 red cedar dr.,301-518-9000
becker,dani,uxch.hastings@jumpstartlab.com,20912,takoma park,md,7600 flower ave.,240-386-9000
lister,milton,dqingold@jumpstartlab.com,20912,takoma park,md,7600 flower ave.,301-891-4000
voutour,laura,tuyrotenberg@jumpstartlab.com,20770,greenbelt,md,2 p plateau pl,301-474-0000
svoboda,jessica,vxitkens724@jumpstartlab.com,21210,baltimore,md,4501 n charles st. ms 2700,860-810-6000
doe,jesse,gsaddario@jumpstartlab.com,20904,silver spring,md,1304 peaceful lane,717-448-2000
slote,sheila,gdristina.holland@jumpstartlab.com,20723,laurel,md,8252 sandy stream road,301-974-1000
doe,daniel,iicmseac@jumpstartlab.com,20783,hyattsville,md,7951 15th ave #201,301-318-4000
hopkins,katie,gbnichol@jumpstartlab.com,21087,kingsville,md,11819 stoney batter road,410-592-8000
letcheva,laney,pdisb_nuggs@jumpstartlab.com,21742,hagerstown,md,1401 potomac ave,845-988-7000
see,carl,fuoungma@jumpstartlab.com,20740,college park,md,247-09d leonardtown,678-571-0000
borick,matthew,gclue-hitchens11@jumpstartlab.com,20742,college park,md,247-09-c new leonardtown,301-346-9000
kauffman,alexis,ctnteyj@jumpstartlab.com,21218,baltimore,md,3339 n. charles st.,617-365-0000
san roman,whitney,fgoore@jumpstartlab.com,21218,baltimore,md,2 w. university pkwy,617-365-0000
tran,eleanor,tiperchick447@jumpstartlab.com,20852,rockville,md,6010 california cir 114,617-365-0000
sibelman,ben,kntsosj@jumpstartlab.com,21218,baltimore,md,712 montpelier,617-365-0000
thatcher,isabelle,dybosem@jumpstartlab.com,21218,baltimore,md,3339 n. charles,617-365-0000
gent,liana,eggordon@jumpstartlab.com,21218,baltimore,md,3900 halstead,617-365-0000
bissessar,jessica,kkazirak@jumpstartlab.com,21210,baltimore,md,110 w. 39th,617-365-0000
matthews,jake,feaversnob@jumpstartlab.com,21218,baltimore,md,3501 st. paul,617-365-0000
xx,stephen,tull31@jumpstartlab.com,21218,baltimore,md,3339 n charles,617-365-0000
boyle,laura,vvaterma@jumpstartlab.com,21210,baltimore,md,110 w 39th,617-365-0000
westwood,john,ngelacolwell@jumpstartlab.com,21218,baltimore,md,3301 n charles st.,617-365-0000
webster,laura,ows_braun@jumpstartlab.com,21218,baltimore,md,3003 n charles st,617-365-0000
smith,cassidy,vxurengill@jumpstartlab.com,21218,baltimore,md,3003 n charles st,617-365-0000
khouang,sherry,ceanzet@jumpstartlab.com,21216,x,md,x,301-613-1000
caldwell,keonna,lwlarali@jumpstartlab.com,21216,x,md,x,301-613-1000
student,meghan,txancourt@jumpstartlab.com,21216,x,md,x,301-613-1000
dutton,catherine,xfnnie.woldorf@jumpstartlab.com,21216,x,md,x,301-613-1000
sangha,philip,nmnes4re@jumpstartlab.com,21216,x,md,x,301-613-1000
d'addario,neha,wyusecc@jumpstartlab.com,21216,x,md,x,301-613-1000
kurs,russell,rnloe.sackett@jumpstartlab.com,21216,x,md,x,301-613-1000
rizzo,aditi,odenajean@jumpstartlab.com,21216,x,md,x,301-613-1000
zahorian,meredith,ypebee3000@jumpstartlab.com,21216,x,md,x,301-613-1000
thompson,heather,rdm327@jumpstartlab.com,21216,x,md,x,301-613-1000
howard,null,uqlitzen@jumpstartlab.com,20742,college park,md,"247-10 leonardtown, university of maryland",508-954-9000
sanders,jessica,uvsorens@jumpstartlab.com,21216,x,md,x,301-613-1000
phillips,melanie,hdaggio@jumpstartlab.com,21216,x,md,x,301-613-1000
smedick,alicia,saoy3333@jumpstartlab.com,21216,x,md,x,301-613-1000
mershon,caroline,ny@jumpstartlab.com,21216,x,md,x,301-613-1000
sprinzen,michael,jyica.borgeswallace@jumpstartlab.com,21216,x,md,x,301-613-1000
hoffbeck,sandddd,nrllinsj4@jumpstartlab.com,21216,x,md,x,301-613-1000
derwin,holly,tcephanie.j.gardner@jumpstartlab.com,21216,x,md,x,301-613-1000
downing,diana,sdhaw1@jumpstartlab.com,21216,x,md,x,301-613-1000
waldman,sarah,cychelleighguillory@jumpstartlab.com,21216,x,md,x,301-613-1000
bell,mary,cfeckerp@jumpstartlab.com,21216,x,md,x,301-613-1000
hawes,bridget,lsmery@jumpstartlab.com,21216,x,md,x,301-613-1000
cruickshank,philip,plerris@jumpstartlab.com,21216,x,md,x,301-613-1000
kohnstamm,robert,ruood1988@jumpstartlab.com,21216,x,md,x,301-613-1000
law,jason,agle_rosenblad@jumpstartlab.com,21216,x,md,x,301-613-1000
owens,eric,moilema1@jumpstartlab.com,21216,x,md,x,301-613-1000
dennis,jillian,urchnibe@jumpstartlab.com,21216,x,md,x,301-613-1000
pedicone,christie,ixhndoe3@jumpstartlab.com,21216,x,md,x,301-613-1000
lane,marcellus,nuttydus@jumpstartlab.com,21216,x,md,x,301-613-1000
miller,valencia,dpaaaaaaaaa@jumpstartlab.com,21216,x,md,x,301-613-1000
parry,elizabeth,acombard@jumpstartlab.com,21216,x,md,x,301-613-1000
gill,juliet,tqnniferkrill@jumpstartlab.com,21216,x,md,x,301-613-1000
howell-dinger,catherine,arnneryis007@jumpstartlab.com,21216,x,md,x,301-613-1000
marchessault,andrea,ord9@jumpstartlab.com,21216,x,md,x,301-613-1000
mendez,jane,natowel@jumpstartlab.com,21216,x,md,x,301-613-1000
ray-mazumder,j,tmclaibo@jumpstartlab.com,21216,x,md,x,301-613-1000
finkel,lea,reanelle.dugan@jumpstartlab.com,21216,x,md,x,301-613-1000
lynch,whitney,ahccernsv@jumpstartlab.com,21216,x,md,x,301-613-1000
moynahan,michael,hkianhalprin@jumpstartlab.com,21216,x,md,x,301-613-1000
webster,james,vouljosephpark@jumpstartlab.com,21216,x,md,x,301-613-1000
carodenuto,catherine,rcura.lipinski@jumpstartlab.com,21216,x,md,x,301-613-1000
heinichen,francesca,lynfranklin@jumpstartlab.com,21216,x,md,x,301-613-1000
shapiro,elise,aesout08@jumpstartlab.com,21216,x,md,x,301-613-1000
van eck,andreah,qxcthruhiker17@jumpstartlab.com,21216,x,md,x,301-613-1000
wright,marci,rbrie.stratton@jumpstartlab.com,21216,x,md,x,301-613-1000
skaggs,mary,ijlldurrett@jumpstartlab.com,21216,x,md,x,301-613-1000
coleman,lorenzo,jjaslett@jumpstartlab.com,21216,x,md,x,301-613-1000
colehor,andrew,gjlupkin@jumpstartlab.com,21216,x,md,x,301-613-1000
laird,beth,umt24@jumpstartlab.com,21216,x,md,x,301-613-1000
dooley-feldman,arielle,kkccrory@jumpstartlab.com,21216,x,md,x,301-613-1000
maloney,katherine,rcng2106@jumpstartlab.com,21216,x,md,x,301-613-1000
uzuki,rebecca,gkpagecolby@jumpstartlab.com,21216,x,md,x,301-613-1000
brown,georgia,pikeali27@jumpstartlab.com,21216,x,md,x,301-613-1000
griffin,euric,rcll32@jumpstartlab.com,21216,x,md,x,301-613-1000
jones,natalie,korkson.allegra@jumpstartlab.com,21216,x,md,x,301-613-1000
reese,stacy,yohley.leclare@jumpstartlab.com,21216,x,md,x,301-613-1000
bolton,charles,tfedina4@jumpstartlab.com,21224,baltimore,md,1010 s. kenwood ave.,814-397-3000
atcheson,tarini,xkracken@jumpstartlab.com,21045,columbia,md,8945 footed ridge,410-992-0000
marden,jamie,assse.d.jenkins@jumpstartlab.com,20742,college park,md,"4230 knox road, apt. 1530",443-257-9000
repka,lillian,nywaibi@jumpstartlab.com,20742,college park,md,3109 cambridge,240-426-0000
weinstein,natalie,xuwilburn11@jumpstartlab.com,20742,college park,md,"247-9 leonardtown hall, university of maryland",240-401-0000
cooper,nicholas,yyvidpcorrado@jumpstartlab.com,20740,college park,md,8000 boteler lane,978-844-4000
stewart,shannon,liarry@jumpstartlab.com,21250,baltimore,md,1000 hilltop circle,410-227-6000
manchada,melanie,gxudgens@jumpstartlab.com,20854,potomac,md,1492 selworthy rd,718-305-4000
frederick,steph,krott@jumpstartlab.com,29740,college park,md,8000 boteler lane apt #124a,410-458-5000
siegel,tamara,dingbodu@jumpstartlab.com,21239,baltimore,md,6905 donachie rd apt f,301-257-9000
jeff,jay,pmahlstr@jumpstartlab.com,21286,towson,md,303 e. burke rd apt c,301-257-9000
clancy,laurie,jk@jumpstartlab.com,20895,kensington,md,3115-8 university blvd west,301-257-9000
white,jane,fpikatri@jumpstartlab.com,21204,towson,md,8007 york rd apt c1,301-257-9000
brubaker,cara,tvnglese1@jumpstartlab.com,20742,college park,md,6121 centreville hall,310-370-4000
o'bryon,marcelino,jxrrieweikle@jumpstartlab.com,20740,college park,md,8000 boteler lane apt. 124,302-245-5000
wang,jessica,vwinsa02@jumpstartlab.com,21093,lutherville,md,11209 greenspring ave,443-629-7000
suzor,kirsten,hwiderc@jumpstartlab.com,20740,college park,md,4603 harvard rd.,443-994-2000
dougherty,amanda,ukmitch07@jumpstartlab.com,20602,waldorf,md,607 wilson ln,240-210-3000
griffard,x,skmbolger@jumpstartlab.com,20646,la plata,md,6580 glendale place,301-266-7000
williams,sarah,dvjaff07@jumpstartlab.com,21136,reisterstown,md,14021 woodlings lane,443-632-4000
brisbois,sarah,wqlee0808@jumpstartlab.com,21218,baltimore,md,3043 frisby st.,443-632-4000
santoro,kelly,auurtney.marie.davis@jumpstartlab.com,20912,takoma park,md,28 lee ave. apt. 303,240-205-4000
ogutu,alice,ury1@jumpstartlab.com,21047,fallston,md,3327 charles st,443-616-7000
fonda-bonardi,stephen,rilking_contradiction_27@jumpstartlab.com,20601,waldorf,md,3802 brewster circle,240-346-9000
pfeffer,jordan,xfanjarr@jumpstartlab.com,20912,takoma park,md,251 manor circle,240-461-4000
nayeem,hilary,lhavis@jumpstartlab.com,20912,takoma park,md,251 manor circle,301-814-1000
syrig,charlotte,wwedellstiles@jumpstartlab.com,20782,hyattsville,md,6201 41st ave,301-318-4000
reinauer,zachary,qrantiag@jumpstartlab.com,20742,college park,md,5218 centreville,304-604-5000
barker,emma,rcberger@jumpstartlab.com,20816,bethesda,md,2 bay tree lane,301-320-0000
zamudio,bradly,fyaronsmith@jumpstartlab.com,20742,college park,md,1102 somerset hall,410-218-0000
sager,megan,xglia.shindel@jumpstartlab.com,20781,hyattsville,md,4227 oglethorpe st.,513-417-2000
gupta,null,sxhndoe14@jumpstartlab.com,20910,silver spring,md,"1133 e west hwy, ste 319-w",812-552-3000
doe,meredith,uimenez@jumpstartlab.com,20740,college park,md,8000 travis ln,301-252-9000
fencl,zach,smtak@jumpstartlab.com,20740,college park,md,"8204 baltimore ave, apt 718b",513-680-3000
zimmer,brandon,mmockc6@jumpstartlab.com,21701,frederick,md,401 rosemont ave.,732-779-8000
lazarowski,paul,qnudmer@jumpstartlab.com,20860,sandy spring,md,17714 meetinghouse rd,301-379-0000
august,shane,anhilips@jumpstartlab.com,20912,takoma park,md,1012 heather ave,301-891-2000
barns,leslie,ufoff@jumpstartlab.com,21788,thurmont,md,24 jermae st,240-626-1000
parker,scott,qhuer321@jumpstartlab.com,20833,brookeville,md,19308 alderbarn ct,202-270-1000
patrick,shannon,foshankland@jumpstartlab.com,20850,rockvile,md,4 vallingby circle,240-750-0000
haskell,sophia,gbffb_123@jumpstartlab.com,20770,greenbelt,md,14-n laurel hill road,301-474-0000
arnold,rose,oqenville@jumpstartlab.com,20906,silver spring,md,6 middlebridge ct,301-233-7000
dickson,alison,xoolloway10@jumpstartlab.com,20854,potomac,md,8158 inverness ridge road,301-299-5000
xx,eliza,wqrah.mary89@jumpstartlab.com,20854,potomac,md,11713 charen lane,301-983-2000
chronis,kirsten,frmooski@jumpstartlab.com,20723,laurel,md,10584 hunters way,301-617-4000
dewolf,dominique,xwh001@jumpstartlab.com,20901,silver spring,md,9407 worth ave,301-588-0000
wetherill,sam,fyvegetarian@jumpstartlab.com,20901,silver spring,md,10823 margate road,240-485-6000
comer,x,iaivings@jumpstartlab.com,20815,chevy chase,md,3708 underwood rd,240-672-8000
roy,katie,dhigsi01@jumpstartlab.com,20782,hyattsville,md,6201 41st ave,206-372-2000
avendano,jessica,ruoore10@jumpstartlab.com,20902,silver spring,md,1814 august dr,301-787-5000
marquis,lauren,fqenshen@jumpstartlab.com,20902,wheaton,md,2103 hermitage road,301-830-3000
spero,michael,dcna.kuhnline@jumpstartlab.com,20901,silver spring,md,8905 sudbury road,301-801-9000
theden,liam,psmcgrew@jumpstartlab.com,20905,silver spring,md,2217 link road,301-421-1000
siegler,stephanie,npmaho06@jumpstartlab.com,20782,university park,md,6905 pineway ave,240-602-7000
wofford,ruth,paallmeyer@jumpstartlab.com,20815,chevy chase,md,7423 lynnhurst street,240-497-1000
schwaneke,jane,fjh224@jumpstartlab.com,20850,rockville,md,310 crabb avenue,301-219-7000
tedrow,sajeewa,gerumber@jumpstartlab.com,20855,derwood,md,7710 iron forge court,301-760-6000
mccall,rhiannon,plgermal@jumpstartlab.com,20742,college park,md,4111 elkton hall,301-466-7000
queen,shannen,kjinda.manglik@jumpstartlab.com,20832,olney,md,4105 alfalfa terrace,301-774-9000
smith,meg,jy379@jumpstartlab.com,20740,college park,md,5024 berwyn road,301-318-4000
lkjklljlkj,arden,hslftylerblue@jumpstartlab.com,20742,college park,md,3106 dorchester hall,240-252-9000
baker,kara,cms.bischoff@jumpstartlab.com,20912,takoma park,md,7600 flower ave.,240-888-4000
catellacci,genevieve,gyura.kriegel@jumpstartlab.com,20742,college park,md,6109 hagerstown hall,301-318-4000
gromisch,eliza,lqmoresch@jumpstartlab.com,21701,frederick,md,8241 black hawk court,301-676-1000
tale,dordt,qxope@jumpstartlab.com,20742,college park,md,5104 denton hall,410-710-7000
rueter,christian,xlean@jumpstartlab.com,21804,salisbury,md,224 onley road #103-a,240-498-0000
gosse,sarah,bsore@jumpstartlab.com,20912,takoma park,md,7600 flower ave.,304-279-5000
brummel,austin,lpldor_a@jumpstartlab.com,20740,college park,md,8000 boteler lane,301-318-4000
kolb,joseph,avdisido@jumpstartlab.com,20740,college park,md,8000 boteler lane,301-318-4000
holleb,seth,ouitlinef324@jumpstartlab.com,20740,college park,md,"4226 guilford drive, apt a",301-910-3000
holdaway,jordan,ekazanec@jumpstartlab.com,20742,college park,md,8133 hagerstown hall,301-523-9000
gladfelter,lorena,ylnjen3323@jumpstartlab.com,21157,westminster,md,2 college hill,301-204-0000
rawstron,ben,xjpivey@jumpstartlab.com,20782,hyattsville,md,6201 41st ave,319-350-4000
butler,laura,drcyprian@jumpstartlab.com,20742,college park,md,247-9c new leonardtown,301-318-4000
sorenson,jake,pqowen09@jumpstartlab.com,20740,college park,md,4902 cherokee street,301-712-7000
wolfson,kyle,gjethin@jumpstartlab.com,20712,mount rainier,md,4004 32nd st,202-222-0000
spence,kerry,cghsjp@jumpstartlab.com,20740,college park,md,7400 columbia ave,410-303-1000
aungst,dan,vmrthsaver@jumpstartlab.com,20657,lusby,md,12545 catalina drive,503-475-8000
